observation_id,person_id,observation_concept_id,observation_date,observation_datetime,observation_type_concept_id,value_as_number,value_as_string,value_as_concept_id,qualifier_concept_id,unit_concept_id,provider_id,visit_occurrence_id,visit_detail_id,observation_source_value,observation_source_concept_id,unit_source_value,qualifier_source_value,value_source_value,observation_event_id,obs_event_field_concept_id
1,1,0,2023-09-26,2023-09-26 12:01:42,44814721,,Good,0,0,0,,1,,11323-3,0,,,Good,,0
2,1,0,2023-09-26,2023-09-26 12:01:42,44814721,,Well appearing,0,0,0,,1,,33747-0,0,,,Well appearing,,0
3,1,0,2023-09-26,2023-09-26 12:01:42,44814721,,Current smoker,0,0,0,,1,,72133-2,0,,,Current smoker,,0
4,1,0,2024-08-04,2024-08-04 12:01:42,44814721,,Poor,0,0,0,,2,,11323-3,0,,,Poor,,0
5,1,0,2024-04-26,2024-04-26 12:01:42,44814721,,Current smoker,0,0,0,,3,,72133-2,0,,,Current smoker,,0
6,1,0,2024-04-26,2024-04-26 12:01:42,44814721,,Mild distress,0,0,0,,3,,33747-0,0,,,Mild distress,,0
7,1,0,2024-07-20,2024-07-20 12:01:42,44814721,,Good,0,0,0,,4,,11323-3,0,,,Good,,0
8,1,0,2024-07-20,2024-07-20 12:01:42,44814721,,Former smoker,0,0,0,,4,,72133-2,0,,,Former smoker,,0
9,1,0,2024-07-20,2024-07-20 12:01:42,44814721,,Mild distress,0,0,0,,4,,33747-0,0,,,Mild distress,,0
10,2,0,2025-03-05,2025-03-05 12:01:42,44814721,,Current smoker,0,0,0,,6,,72133-2,0,,,Current smoker,,0
11,2,0,2025-03-05,2025-03-05 12:01:42,44814721,,Fair,0,0,0,,6,,11323-3,0,,,Fair,,0
12,2,0,2024-08-15,2024-08-15 12:01:42,44814721,,No acute distress,0,0,0,,7,,33747-0,0,,,No acute distress,,0
13,2,0,2024-08-15,2024-08-15 12:01:42,44814721,,Poor,0,0,0,,7,,11323-3,0,,,Poor,,0
14,2,0,2024-08-15,2024-08-15 12:01:42,44814721,,Current smoker,0,0,0,,7,,72133-2,0,,,Current smoker,,0
15,3,0,2025-07-16,2025-07-16 12:01:42,44814721,,Poor,0,0,0,,8,,11323-3,0,,,Poor,,0
16,3,0,2025-08-07,2025-08-07 12:01:42,44814721,,Current smoker,0,0,0,,9,,72133-2,0,,,Current smoker,,0
17,3,0,2025-08-07,2025-08-07 12:01:42,44814721,,Well appearing,0,0,0,,9,,33747-0,0,,,Well appearing,,0
18,3,0,2025-05-13,2025-05-13 12:01:42,44814721,,Well appearing,0,0,0,,10,,33747-0,0,,,Well appearing,,0
19,3,0,2025-05-13,2025-05-13 12:01:42,44814721,,Current smoker,0,0,0,,10,,72133-2,0,,,Current smoker,,0
20,3,0,2023-12-26,2023-12-26 12:01:42,44814721,,Mild distress,0,0,0,,11,,33747-0,0,,,Mild distress,,0
21,3,0,2023-12-26,2023-12-26 12:01:42,44814721,,Never smoker,0,0,0,,11,,72133-2,0,,,Never smoker,,0
22,4,0,2025-08-12,2025-08-12 12:01:42,44814721,,Good,0,0,0,,12,,11323-3,0,,,Good,,0
23,4,0,2025-08-12,2025-08-12 12:01:42,44814721,,Former smoker,0,0,0,,12,,72133-2,0,,,Former smoker,,0
24,4,0,2024-11-03,2024-11-03 12:01:42,44814721,,Never smoker,0,0,0,,14,,72133-2,0,,,Never smoker,,0
25,4,0,2024-03-11,2024-03-11 12:01:42,44814721,,Current smoker,0,0,0,,15,,72133-2,0,,,Current smoker,,0
26,5,0,2024-04-24,2024-04-24 12:01:42,44814721,,Never smoker,0,0,0,,16,,72133-2,0,,,Never smoker,,0
27,5,0,2024-06-19,2024-06-19 12:01:42,44814721,,No acute distress,0,0,0,,17,,33747-0,0,,,No acute distress,,0
28,5,0,2024-06-19,2024-06-19 12:01:42,44814721,,Fair,0,0,0,,17,,11323-3,0,,,Fair,,0
29,6,0,2024-11-26,2024-11-26 12:01:42,44814721,,Current smoker,0,0,0,,19,,72133-2,0,,,Current smoker,,0
30,6,0,2024-11-26,2024-11-26 12:01:42,44814721,,No acute distress,0,0,0,,19,,33747-0,0,,,No acute distress,,0
31,6,0,2024-04-19,2024-04-19 12:01:42,44814721,,Well appearing,0,0,0,,20,,33747-0,0,,,Well appearing,,0
32,6,0,2024-04-19,2024-04-19 12:01:42,44814721,,Former smoker,0,0,0,,20,,72133-2,0,,,Former smoker,,0
33,7,0,2023-09-20,2023-09-20 12:01:42,44814721,,No acute distress,0,0,0,,21,,33747-0,0,,,No acute distress,,0
34,7,0,2023-09-20,2023-09-20 12:01:42,44814721,,Never smoker,0,0,0,,21,,72133-2,0,,,Never smoker,,0
35,7,0,2024-07-18,2024-07-18 12:01:42,44814721,,Fair,0,0,0,,22,,11323-3,0,,,Fair,,0
36,7,0,2024-07-18,2024-07-18 12:01:42,44814721,,Former smoker,0,0,0,,22,,72133-2,0,,,Former smoker,,0
37,7,0,2025-08-21,2025-08-21 12:01:42,44814721,,Good,0,0,0,,23,,11323-3,0,,,Good,,0
38,7,0,2024-08-26,2024-08-26 12:01:42,44814721,,Good,0,0,0,,24,,11323-3,0,,,Good,,0
39,8,0,2023-09-19,2023-09-19 12:01:42,44814721,,Fair,0,0,0,,25,,11323-3,0,,,Fair,,0
40,8,0,2023-09-19,2023-09-19 12:01:42,44814721,,Mild distress,0,0,0,,25,,33747-0,0,,,Mild distress,,0
41,8,0,2025-05-08,2025-05-08 12:01:42,44814721,,Poor,0,0,0,,26,,11323-3,0,,,Poor,,0
42,8,0,2025-05-08,2025-05-08 12:01:42,44814721,,Current smoker,0,0,0,,26,,72133-2,0,,,Current smoker,,0
43,8,0,2025-05-08,2025-05-08 12:01:42,44814721,,Well appearing,0,0,0,,26,,33747-0,0,,,Well appearing,,0
44,9,0,2025-03-08,2025-03-08 12:01:42,44814721,,Former smoker,0,0,0,,28,,72133-2,0,,,Former smoker,,0
45,9,0,2025-03-08,2025-03-08 12:01:42,44814721,,Poor,0,0,0,,28,,11323-3,0,,,Poor,,0
46,9,0,2024-02-19,2024-02-19 12:01:42,44814721,,Never smoker,0,0,0,,29,,72133-2,0,,,Never smoker,,0
47,9,0,2025-08-26,2025-08-26 12:01:42,44814721,,Well appearing,0,0,0,,30,,33747-0,0,,,Well appearing,,0
48,9,0,2025-08-26,2025-08-26 12:01:42,44814721,,Poor,0,0,0,,30,,11323-3,0,,,Poor,,0
49,10,0,2024-05-06,2024-05-06 12:01:42,44814721,,Good,0,0,0,,31,,11323-3,0,,,Good,,0
50,10,0,2024-05-06,2024-05-06 12:01:42,44814721,,Mild distress,0,0,0,,31,,33747-0,0,,,Mild distress,,0
51,10,0,2025-04-05,2025-04-05 12:01:42,44814721,,Mild distress,0,0,0,,32,,33747-0,0,,,Mild distress,,0
52,10,0,2025-04-05,2025-04-05 12:01:42,44814721,,Good,0,0,0,,32,,11323-3,0,,,Good,,0
53,10,0,2024-07-08,2024-07-08 12:01:42,44814721,,Well appearing,0,0,0,,33,,33747-0,0,,,Well appearing,,0
54,11,0,2024-11-07,2024-11-07 12:01:42,44814721,,Former smoker,0,0,0,,34,,72133-2,0,,,Former smoker,,0
55,11,0,2024-11-07,2024-11-07 12:01:42,44814721,,Good,0,0,0,,34,,11323-3,0,,,Good,,0
56,11,0,2024-11-07,2024-11-07 12:01:42,44814721,,No acute distress,0,0,0,,34,,33747-0,0,,,No acute distress,,0
57,11,0,2025-05-29,2025-05-29 12:01:42,44814721,,Mild distress,0,0,0,,35,,33747-0,0,,,Mild distress,,0
58,11,0,2025-05-29,2025-05-29 12:01:42,44814721,,Never smoker,0,0,0,,35,,72133-2,0,,,Never smoker,,0
59,11,0,2024-02-20,2024-02-20 12:01:42,44814721,,Good,0,0,0,,36,,11323-3,0,,,Good,,0
60,11,0,2024-02-20,2024-02-20 12:01:42,44814721,,Never smoker,0,0,0,,36,,72133-2,0,,,Never smoker,,0
61,12,0,2025-01-13,2025-01-13 12:01:42,44814721,,Never smoker,0,0,0,,37,,72133-2,0,,,Never smoker,,0
62,12,0,2025-01-13,2025-01-13 12:01:42,44814721,,Well appearing,0,0,0,,37,,33747-0,0,,,Well appearing,,0
63,12,0,2024-12-11,2024-12-11 12:01:42,44814721,,No acute distress,0,0,0,,38,,33747-0,0,,,No acute distress,,0
64,13,0,2023-11-14,2023-11-14 12:01:42,44814721,,No acute distress,0,0,0,,39,,33747-0,0,,,No acute distress,,0
65,13,0,2023-11-14,2023-11-14 12:01:42,44814721,,Never smoker,0,0,0,,39,,72133-2,0,,,Never smoker,,0
66,13,0,2024-02-03,2024-02-03 12:01:42,44814721,,Current smoker,0,0,0,,40,,72133-2,0,,,Current smoker,,0
67,14,0,2024-04-13,2024-04-13 12:01:42,44814721,,Poor,0,0,0,,41,,11323-3,0,,,Poor,,0
68,14,0,2024-10-12,2024-10-12 12:01:42,44814721,,Fair,0,0,0,,42,,11323-3,0,,,Fair,,0
69,14,0,2024-10-12,2024-10-12 12:01:42,44814721,,Mild distress,0,0,0,,42,,33747-0,0,,,Mild distress,,0
70,15,0,2024-05-14,2024-05-14 12:01:42,44814721,,Good,0,0,0,,44,,11323-3,0,,,Good,,0
71,15,0,2024-05-14,2024-05-14 12:01:42,44814721,,Current smoker,0,0,0,,44,,72133-2,0,,,Current smoker,,0
72,15,0,2023-11-27,2023-11-27 12:01:42,44814721,,No acute distress,0,0,0,,45,,33747-0,0,,,No acute distress,,0
73,16,0,2024-10-05,2024-10-05 12:01:42,44814721,,Good,0,0,0,,46,,11323-3,0,,,Good,,0
74,16,0,2024-02-22,2024-02-22 12:01:42,44814721,,Poor,0,0,0,,47,,11323-3,0,,,Poor,,0
75,16,0,2024-02-22,2024-02-22 12:01:42,44814721,,Mild distress,0,0,0,,47,,33747-0,0,,,Mild distress,,0
76,17,0,2024-03-30,2024-03-30 12:01:42,44814721,,Poor,0,0,0,,48,,11323-3,0,,,Poor,,0
77,17,0,2023-12-10,2023-12-10 12:01:42,44814721,,Well appearing,0,0,0,,49,,33747-0,0,,,Well appearing,,0
78,17,0,2024-11-17,2024-11-17 12:01:42,44814721,,Never smoker,0,0,0,,50,,72133-2,0,,,Never smoker,,0
79,17,0,2024-11-17,2024-11-17 12:01:42,44814721,,Poor,0,0,0,,50,,11323-3,0,,,Poor,,0
80,18,0,2023-09-12,2023-09-12 12:01:42,44814721,,Current smoker,0,0,0,,51,,72133-2,0,,,Current smoker,,0
81,18,0,2023-09-12,2023-09-12 12:01:42,44814721,,Good,0,0,0,,51,,11323-3,0,,,Good,,0
82,18,0,2025-05-14,2025-05-14 12:01:42,44814721,,Well appearing,0,0,0,,52,,33747-0,0,,,Well appearing,,0
83,18,0,2025-05-14,2025-05-14 12:01:42,44814721,,Former smoker,0,0,0,,52,,72133-2,0,,,Former smoker,,0
84,19,0,2023-09-16,2023-09-16 12:01:42,44814721,,Fair,0,0,0,,53,,11323-3,0,,,Fair,,0
85,19,0,2023-09-16,2023-09-16 12:01:42,44814721,,Well appearing,0,0,0,,53,,33747-0,0,,,Well appearing,,0
86,19,0,2024-08-11,2024-08-11 12:01:42,44814721,,Good,0,0,0,,54,,11323-3,0,,,Good,,0
87,19,0,2024-08-11,2024-08-11 12:01:42,44814721,,No acute distress,0,0,0,,54,,33747-0,0,,,No acute distress,,0
88,19,0,2024-08-11,2024-08-11 12:01:42,44814721,,Current smoker,0,0,0,,54,,72133-2,0,,,Current smoker,,0
89,19,0,2024-07-10,2024-07-10 12:01:42,44814721,,Never smoker,0,0,0,,55,,72133-2,0,,,Never smoker,,0
90,19,0,2024-07-10,2024-07-10 12:01:42,44814721,,Good,0,0,0,,55,,11323-3,0,,,Good,,0
91,19,0,2024-01-15,2024-01-15 12:01:42,44814721,,Former smoker,0,0,0,,56,,72133-2,0,,,Former smoker,,0
92,20,0,2024-02-20,2024-02-20 12:01:42,44814721,,Good,0,0,0,,57,,11323-3,0,,,Good,,0
93,20,0,2025-01-06,2025-01-06 12:01:42,44814721,,Mild distress,0,0,0,,58,,33747-0,0,,,Mild distress,,0
94,20,0,2025-01-06,2025-01-06 12:01:42,44814721,,Poor,0,0,0,,58,,11323-3,0,,,Poor,,0
95,20,0,2025-01-06,2025-01-06 12:01:42,44814721,,Never smoker,0,0,0,,58,,72133-2,0,,,Never smoker,,0
96,21,0,2024-04-18,2024-04-18 12:01:42,44814721,,Good,0,0,0,,60,,11323-3,0,,,Good,,0
97,21,0,2024-04-18,2024-04-18 12:01:42,44814721,,Never smoker,0,0,0,,60,,72133-2,0,,,Never smoker,,0
98,21,0,2024-06-14,2024-06-14 12:01:42,44814721,,Well appearing,0,0,0,,61,,33747-0,0,,,Well appearing,,0
99,21,0,2024-06-14,2024-06-14 12:01:42,44814721,,Never smoker,0,0,0,,61,,72133-2,0,,,Never smoker,,0
100,22,0,2025-06-23,2025-06-23 12:01:42,44814721,,Fair,0,0,0,,62,,11323-3,0,,,Fair,,0
101,22,0,2025-06-23,2025-06-23 12:01:42,44814721,,Well appearing,0,0,0,,62,,33747-0,0,,,Well appearing,,0
102,22,0,2024-10-06,2024-10-06 12:01:42,44814721,,Mild distress,0,0,0,,63,,33747-0,0,,,Mild distress,,0
103,22,0,2024-10-06,2024-10-06 12:01:42,44814721,,Poor,0,0,0,,63,,11323-3,0,,,Poor,,0
104,23,0,2024-03-02,2024-03-02 12:01:42,44814721,,Former smoker,0,0,0,,64,,72133-2,0,,,Former smoker,,0
105,23,0,2024-03-02,2024-03-02 12:01:42,44814721,,Poor,0,0,0,,64,,11323-3,0,,,Poor,,0
106,23,0,2025-01-18,2025-01-18 12:01:42,44814721,,Mild distress,0,0,0,,65,,33747-0,0,,,Mild distress,,0
107,23,0,2025-01-18,2025-01-18 12:01:42,44814721,,Good,0,0,0,,65,,11323-3,0,,,Good,,0
108,23,0,2025-05-28,2025-05-28 12:01:42,44814721,,Good,0,0,0,,66,,11323-3,0,,,Good,,0
109,23,0,2025-05-28,2025-05-28 12:01:42,44814721,,Former smoker,0,0,0,,66,,72133-2,0,,,Former smoker,,0
110,23,0,2025-05-28,2025-05-28 12:01:42,44814721,,No acute distress,0,0,0,,66,,33747-0,0,,,No acute distress,,0
111,24,0,2024-11-11,2024-11-11 12:01:42,44814721,,Never smoker,0,0,0,,67,,72133-2,0,,,Never smoker,,0
112,24,0,2024-11-11,2024-11-11 12:01:42,44814721,,No acute distress,0,0,0,,67,,33747-0,0,,,No acute distress,,0
113,24,0,2025-03-07,2025-03-07 12:01:42,44814721,,Former smoker,0,0,0,,68,,72133-2,0,,,Former smoker,,0
114,24,0,2025-03-07,2025-03-07 12:01:42,44814721,,Good,0,0,0,,68,,11323-3,0,,,Good,,0
115,25,0,2024-01-19,2024-01-19 12:01:42,44814721,,Former smoker,0,0,0,,69,,72133-2,0,,,Former smoker,,0
116,25,0,2024-01-19,2024-01-19 12:01:42,44814721,,No acute distress,0,0,0,,69,,33747-0,0,,,No acute distress,,0
117,25,0,2024-05-19,2024-05-19 12:01:42,44814721,,Fair,0,0,0,,70,,11323-3,0,,,Fair,,0
118,25,0,2024-05-19,2024-05-19 12:01:42,44814721,,Mild distress,0,0,0,,70,,33747-0,0,,,Mild distress,,0
119,25,0,2024-05-19,2024-05-19 12:01:42,44814721,,Former smoker,0,0,0,,70,,72133-2,0,,,Former smoker,,0
120,25,0,2024-01-15,2024-01-15 12:01:42,44814721,,Fair,0,0,0,,71,,11323-3,0,,,Fair,,0
121,26,0,2024-05-01,2024-05-01 12:01:42,44814721,,Fair,0,0,0,,72,,11323-3,0,,,Fair,,0
122,26,0,2024-11-09,2024-11-09 12:01:42,44814721,,No acute distress,0,0,0,,73,,33747-0,0,,,No acute distress,,0
123,26,0,2025-07-19,2025-07-19 12:01:42,44814721,,Fair,0,0,0,,74,,11323-3,0,,,Fair,,0
124,26,0,2025-07-19,2025-07-19 12:01:42,44814721,,Current smoker,0,0,0,,74,,72133-2,0,,,Current smoker,,0
125,26,0,2025-07-19,2025-07-19 12:01:42,44814721,,No acute distress,0,0,0,,74,,33747-0,0,,,No acute distress,,0
126,27,0,2023-12-26,2023-12-26 12:01:42,44814721,,Fair,0,0,0,,75,,11323-3,0,,,Fair,,0
127,27,0,2023-11-02,2023-11-02 12:01:42,44814721,,Well appearing,0,0,0,,76,,33747-0,0,,,Well appearing,,0
128,27,0,2023-11-02,2023-11-02 12:01:42,44814721,,Current smoker,0,0,0,,76,,72133-2,0,,,Current smoker,,0
129,27,0,2023-11-02,2023-11-02 12:01:42,44814721,,Poor,0,0,0,,76,,11323-3,0,,,Poor,,0
130,28,0,2025-08-04,2025-08-04 12:01:42,44814721,,Never smoker,0,0,0,,77,,72133-2,0,,,Never smoker,,0
131,28,0,2025-08-04,2025-08-04 12:01:42,44814721,,No acute distress,0,0,0,,77,,33747-0,0,,,No acute distress,,0
132,28,0,2025-08-04,2025-08-04 12:01:42,44814721,,Poor,0,0,0,,77,,11323-3,0,,,Poor,,0
133,28,0,2024-07-09,2024-07-09 12:01:42,44814721,,Poor,0,0,0,,78,,11323-3,0,,,Poor,,0
134,28,0,2024-04-12,2024-04-12 12:01:42,44814721,,Fair,0,0,0,,79,,11323-3,0,,,Fair,,0
135,28,0,2024-04-12,2024-04-12 12:01:42,44814721,,Well appearing,0,0,0,,79,,33747-0,0,,,Well appearing,,0
136,29,0,2024-09-26,2024-09-26 12:01:42,44814721,,Former smoker,0,0,0,,80,,72133-2,0,,,Former smoker,,0
137,29,0,2023-10-18,2023-10-18 12:01:42,44814721,,Good,0,0,0,,81,,11323-3,0,,,Good,,0
138,29,0,2023-10-18,2023-10-18 12:01:42,44814721,,Mild distress,0,0,0,,81,,33747-0,0,,,Mild distress,,0
139,29,0,2023-10-18,2023-10-18 12:01:42,44814721,,Current smoker,0,0,0,,81,,72133-2,0,,,Current smoker,,0
140,29,0,2024-03-07,2024-03-07 12:01:42,44814721,,Former smoker,0,0,0,,82,,72133-2,0,,,Former smoker,,0
141,30,0,2024-08-23,2024-08-23 12:01:42,44814721,,Current smoker,0,0,0,,83,,72133-2,0,,,Current smoker,,0
142,30,0,2024-08-23,2024-08-23 12:01:42,44814721,,Poor,0,0,0,,83,,11323-3,0,,,Poor,,0
143,30,0,2024-10-07,2024-10-07 12:01:42,44814721,,Good,0,0,0,,84,,11323-3,0,,,Good,,0
144,30,0,2024-11-02,2024-11-02 12:01:42,44814721,,Former smoker,0,0,0,,85,,72133-2,0,,,Former smoker,,0
145,30,0,2024-04-21,2024-04-21 12:01:42,44814721,,Former smoker,0,0,0,,86,,72133-2,0,,,Former smoker,,0
